event_id,name,artist_ids,art_forms,genres,language,city,venue,style,mood_tags,festival,festivals,event_type,date,capacity,ticket_price,status
E0000,Celebration of Chathurika Wijesinghe,['A0036'],['music'],['sad_songs'],['english'],batticaloa,Colombo University Arts Theatre,['contemporary'],"['rebel', 'reflective']",,[],competition,2026-06-17T22:51:08.459431,100,3000,upcoming
E0001,Celebration of Thisara Bandara,['A0078'],['dance'],['tango'],['sinhala'],kandy,Bentota Beach Resort,['contemporary'],"['angry', 'political_intensity']",,[],workshop,2026-05-29T22:51:08.459450,50,500,upcoming
E0002,Evening with Chitral Somapala,['A0040'],['drama'],"['crime_series', 'romance_series', 'physical_theatre', 'immersive_theatre']","['english', 'sinhala']",ratnapura,Paradise Road Gallery,"['contemporary', 'fusion']","['heroic', 'devotional']",,[],exhibition,2026-07-18T22:51:08.459464,1000,3000,upcoming
E0003,Evening with Mohan Senanayake,['A0056'],['film'],"['military_themes', 'romantic_drama']",['tamil'],kilinochchi,Maharagama Youth Centre,['contemporary'],"['emotional', 'romantic']",,[],competition,2026-10-08T22:51:08.459477,1000,1500,upcoming
E0004,Live Upeka,['A0002'],['film'],['biographical'],['sinhala'],panadura,Viharamahadevi Park Open Air Theatre,['contemporary'],"['rebel', 'energetic', 'urban_street']",,[],competition,2026-07-10T22:51:08.459489,2000,1000,upcoming
E0005,Live Gayan Selvam,['A0050'],['drama'],"['romance_series', 'family_drama']",['english'],jaffna,Galle Face Green,['contemporary'],['peaceful'],,[],concert,2026-05-27T22:51:08.459501,500,2000,upcoming
E0006,Night of Gayan Selvam,['A0050'],['drama'],"['romance_series', 'family_drama']",['english'],jaffna,Waters Edge,['contemporary'],['peaceful'],,[],ritual_ceremony,2026-06-01T22:51:08.459513,50,1000,upcoming
E0007,Evening with Ruwan Rathnayake,['A0049'],['music'],"['ballads', 'acoustic_pop']","['english', 'sinhala']",kegalle,Navarangahala (Borella),['contemporary'],"['spiritual', 'reflective', 'suspenseful']",,[],performance,2026-07-13T22:51:08.459525,2000,1000,upcoming
E0008,Esala Perahera - Ravibandu Vidyapathi,"['A0016', 'A0067']","['dance', 'music']","['interpretative', 'background_scores', 'kpop_cover', 'raban_music', 'locking']","['english', 'sinhala']",kandy,Kandy Lake Club,"['contemporary', 'traditional']","['intense', 'rural_village', 'political_awareness']",esala_perahera,['esala_perahera'],concert,2026-08-02T22:51:08.459540,500,500,upcoming
E0009,Evening with Dilshan Gunasekara,"['A0069', 'A0034', 'A0070']","['film', 'dance']","['colonial_era', 'biographical', 'bharatanatyam', 'romantic_comedy', 'romantic_drama']","['tamil', 'sinhala']",negombo,Sapumal Foundation,"['contemporary', 'traditional']","['rebel', 'urban_street', 'energetic']",,[],performance,2026-09-26T22:51:08.459562,100,2000,upcoming
E0010,Celebration of Chaminda Herath,"['A0081', 'A0072']",['music'],"['party_baila', 'background_scores']","['english', 'sinhala']",batticaloa,National Museum Auditorium,['contemporary'],"['spiritual_trance', 'energetic', 'celebratory']",,[],festival,2026-10-21T22:51:08.459576,2000,1000,upcoming
E0011,Celebration of Nimesh Jayawardena,"['A0061', 'A0069', 'A0029']","['drama', 'dance']","['ceremonial_dances', 'crime_series', 'romance_series', 'bharatanatyam']","['english', 'sinhala']",polonnaruwa,Gangaramaya Temple Grounds,"['contemporary', 'traditional']","['energetic', 'meditative', 'reflective']",,[],workshop,2026-08-24T22:51:08.459590,200,500,upcoming
E0012,Thai Pongal - Vijay Kumar,['A0066'],['film'],['social_realism'],['tamil'],jaffna,Viharamahadevi Park Open Air Theatre,['contemporary'],"['heroic', 'rebel', 'spiritual_trance']",thai_pongal,['thai_pongal'],exhibition,2026-09-13T22:51:08.459604,500,500,upcoming
E0013,Celebration of Lakshman Selvam,['A0055'],['drama'],"['physical_theatre', 'social_drama', 'immersive_theatre']",['english'],puttalam,Regal Theatre (Colombo),"['contemporary', 'fusion']","['national_pride', 'traditional', 'dramatic_ballad']",,[],festival,2026-07-09T22:51:08.459617,50,1000,upcoming
E0014,Evening with Ayesha Selvam,['A0071'],['film'],"['police_procedural', 'civil_war_themes']",['english'],galle,National Museum Auditorium,['contemporary'],"['serious', 'party']",,[],workshop,2026-07-13T22:51:08.459629,100,3000,upcoming
E0015,Celebration of Neela Wickremasinghe,"['A0028', 'A0033']","['drama', 'dance']","['naiyandi', 'pantheru', 'political_theatre', 'bharatanatyam']","['english', 'sinhala']",matale,Gangaramaya Temple Grounds,"['contemporary', 'traditional']","['rhythmic', 'satirical', 'fusion_energy']",,[],workshop,2026-09-20T22:51:08.459642,1000,3000,upcoming
E0016,Poson - Thilini Amarasinghe,['A0095'],['drama'],['sokari'],['sinhala'],matale,Colombo Racecourse,['traditional'],"['dramatic', 'historical_nostalgia']",poson,['poson'],ritual_ceremony,2026-05-28T22:51:08.459655,100,0,upcoming
E0017,Evening with Chaminda Herath,['A0081'],['music'],['party_baila'],['english'],batticaloa,Colombo University Arts Theatre,['contemporary'],"['energetic', 'celebratory', 'party']",,[],festival,2026-09-03T22:51:08.459700,200,1000,upcoming
E0018,Live Upeka,['A0002'],['film'],['biographical'],['sinhala'],panadura,University of Peradeniya Open Air Theatre,['contemporary'],"['rebel', 'energetic', 'urban_street']",,[],concert,2026-09-24T22:51:08.459712,50,500,upcoming
E0019,Night of Ravibandu Vidyapathi,['A0016'],['dance'],"['locking', 'kpop_cover', 'interpretative']","['english', 'sinhala']",kandy,Sapumal Foundation,['contemporary'],"['joyful', 'romantic']",,[],competition,2026-05-13T22:51:08.459729,100,0,upcoming
E0020,Evening with Hashini Samaraweera,['A0027'],['music'],['modern_baila'],['english'],panadura,Ladies' College Auditorium,['contemporary'],"['energetic', 'celebratory', 'party']",,[],workshop,2026-07-29T22:51:08.459740,500,1000,upcoming
E0021,Evening with Lakshmi Wickremasinghe,"['A0004', 'A0042']","['film', 'dance']","['ancient_sri_lanka', 'uddekki', 'ves_dance', 'colonial_era']","['tamil', 'sinhala']",trincomalee,Gangaramaya Temple Grounds,"['contemporary', 'traditional']","['rhythmic', 'serious', 'patriotic']",,[],ritual_ceremony,2026-06-17T22:51:08.459754,50,1000,upcoming
E0022,Live Sanduni Nadarajah,['A0060'],['film'],"['ancient_sri_lanka', 'romantic_comedy', 'biographical']","['english', 'sinhala']",kandy,Jaffna Public Library Hall,['contemporary'],"['rebel', 'energetic', 'urban_street']",,[],performance,2026-07-14T22:51:08.459766,500,0,upcoming
E0023,Live Ruwan Kumar,"['A0091', 'A0031', 'A0049']","['film', 'dance', 'music']","['ballads', 'police_procedural', 'crime_drama', 'acoustic_pop', 'theatrical_dance', 'harvest_dances', 'village_festival_dances']","['english', 'sinhala']",jaffna,Sapumal Foundation,['contemporary'],"['spiritual', 'dramatic_ballad', 'political_intensity']",,[],performance,2026-05-19T22:51:08.459783,100,1500,upcoming
E0024,Live Kavinda Liyanage,['A0026'],['music'],"['ballads', 'modern_baila', 'sad_songs', 'party_baila']",['sinhala'],matale,Kelaniya Raja Maha Vihara,['contemporary'],"['energetic', 'celebratory', 'party']",,[],workshop,2026-07-29T22:51:08.459796,200,500,upcoming
E0025,Live Dinesh Dissanayake,"['A0070', 'A0066']",['film'],"['colonial_era', 'social_realism']","['tamil', 'sinhala']",matale,Independence Square,['contemporary'],"['rebel', 'heroic', 'spiritual_trance']",,[],exhibition,2026-07-26T22:51:08.459810,100,1000,upcoming
E0026,Night of Hashini Samaraweera,"['A0027', 'A0014']",['music'],"['modern_baila', 'sinhala_rap']",['english'],panadura,Tower Hall Theatre,['contemporary'],"['rebel', 'urban_street', 'party']",,[],competition,2026-08-30T22:51:08.459823,200,0,upcoming
E0027,Thai Pongal - Ragavan Wickremasinghe,"['A0074', 'A0015']",['dance'],"['sanni_yakuma', 'drum_centered', 'cha_cha', 'ritual_based', 'kolam_dance']",['tamil'],jaffna,Cinnamon Grand Ballroom,['contemporary'],"['romantic_longing', 'sad']",thai_pongal,['thai_pongal'],ritual_ceremony,2026-10-06T22:51:08.459837,2000,500,upcoming
E0028,Esala Perahera - Nalaka Weerasinghe,"['A0019', 'A0047']","['film', 'dance']","['ves_dance', 'supernatural_horror', 'avant_garde']","['english', 'sinhala']",chilaw,Gangaramaya Temple Grounds,"['contemporary', 'traditional', 'fusion']","['thriller_tension', 'graceful', 'angry']",esala_perahera,['esala_perahera'],performance,2026-10-16T22:51:08.459852,200,1000,upcoming
E0029,Evening with Sachini Sivarajah,['A0045'],['music'],"['film_songs', 'sinhala_rap', 'drill']","['english', 'sinhala']",anuradhapura,Paradise Road Gallery,['contemporary'],"['rebel', 'energetic', 'urban_street']",,[],performance,2026-09-25T22:51:08.459864,50,500,upcoming
E0030,Night of Ayesha Selvam,['A0071'],['film'],"['police_procedural', 'civil_war_themes']",['english'],galle,Paradise Road Gallery,['contemporary'],"['serious', 'party']",,[],ritual_ceremony,2026-08-07T22:51:08.459876,500,3000,upcoming
E0031,Evening with Vasanthi Rathnayake,['A0048'],['drama'],"['stage_musicals', 'opera']",['tamil'],trincomalee,Sugathadasa Indoor Stadium,['contemporary'],['war_tension'],,[],competition,2026-06-14T22:51:08.459888,200,0,upcoming
E0032,Celebration of Ayesha Selvam,"['A0071', 'A0037']","['film', 'drama']","['police_procedural', 'literary_adaptation', 'civil_war_themes']","['english', 'tamil']",galle,Colombo Racecourse,['contemporary'],"['celebratory', 'melancholic', 'serious']",,[],competition,2026-10-03T22:51:08.459901,100,2000,upcoming
E0033,Live Danushka Rajapaksa,['A0059'],['drama'],['historical_series'],['english'],kilinochchi,Lumbini Theatre (Havelock Town),['contemporary'],"['reflective', 'psychological', 'religious_reverence']",,[],ritual_ceremony,2026-10-11T22:51:08.459916,1000,500,upcoming
E0034,Evening with Buddhika Gunasekara,['A0057'],['drama'],"['stage_musicals', 'opera']",['sinhala'],colombo,Regal Theatre (Colombo),['contemporary'],"['dark', 'reflective']",,[],ritual_ceremony,2026-07-17T22:51:08.459928,1000,1000,upcoming
E0035,Celebration of Chaminda Herath,['A0081'],['music'],['party_baila'],['english'],batticaloa,Diyatha Uyana,['contemporary'],"['energetic', 'celebratory', 'party']",,[],workshop,2026-06-27T22:51:08.459939,50,2000,upcoming
E0036,Evening with Angeline Gunathilaka,"['A0030', 'A0041']",['dance'],"['ceremonial_dances', 'wedding_dances', 'ves_dance', 'pantheru']","['english', 'sinhala']",panadura,Colombo Hilton Grand Ballroom,"['contemporary', 'traditional']","['tense', 'spiritual', 'emotional']",,[],competition,2026-08-18T22:51:08.459952,100,2000,upcoming
E0037,Live Nalaka Weerasinghe,"['A0019', 'A0078']","['film', 'dance']","['tango', 'supernatural_horror', 'avant_garde']","['english', 'sinhala']",chilaw,Regal Theatre (Colombo),"['contemporary', 'fusion']","['suspense', 'angry', 'peaceful']",,[],exhibition,2026-08-23T22:51:08.459966,2000,1000,upcoming
E0038,Night of Ruwan Gunasekara,['A0084'],['drama'],"['physical_theatre', 'immersive_theatre']",['english'],ampara,Colombo Hilton Grand Ballroom,"['contemporary', 'fusion']","['tense', 'thriller_tension', 'heartbreak']",,[],concert,2026-06-13T22:51:08.459978,100,0,upcoming
E0039,Evening with Vindya Jayawardena,['A0024'],['music'],"['classical_fusion', 'ethnic_electronic', 'drill', 'sinhala_rap']","['english', 'sinhala']",galle,Galle Face Green,"['contemporary', 'fusion']","['rebel', 'energetic', 'urban_street']",,[],concert,2026-10-04T22:51:08.459989,2000,1500,upcoming
E0040,Live Kamala Jayasuriya,['A0089'],['film'],"['ancient_sri_lanka', 'colonial_era']",['tamil'],kilinochchi,Mount Lavinia Hotel Ballroom,['contemporary'],"['satirical', 'emotional']",,[],exhibition,2026-05-23T22:51:08.460001,200,500,upcoming
E0041,Live Kavinda Liyanage,['A0026'],['music'],"['ballads', 'modern_baila', 'sad_songs', 'party_baila']",['sinhala'],matale,Paradise Road Gallery,['contemporary'],"['energetic', 'celebratory', 'party']",,[],workshop,2026-05-31T22:51:08.460013,500,3000,upcoming
E0042,Live Thilini Amarasinghe,['A0095'],['drama'],['sokari'],['sinhala'],matale,Galadari Hotel Ballroom,['traditional'],"['dramatic', 'historical_nostalgia']",,[],ritual_ceremony,2026-05-25T22:51:08.460025,1000,1000,upcoming
E0043,Vesak - Nimesh Ekanayake,"['A0038', 'A0009']","['film', 'drama']","['literary_adaptation', 'political_theatre', 'kolam_theatre', 'social_justice', 'sokari']","['english', 'sinhala']",jaffna,Anuradhapura Cultural Centre,"['contemporary', 'traditional']","['suspense', 'melancholic', 'romantic']",vesak,['vesak'],festival,2026-09-24T22:51:08.460040,500,0,upcoming
E0044,Evening with Ruwan Gunasekara,['A0084'],['drama'],"['physical_theatre', 'immersive_theatre']",['english'],ampara,Tower Hall Theatre,"['contemporary', 'fusion']","['tense', 'thriller_tension', 'heartbreak']",,[],festival,2026-10-18T22:51:08.460053,100,1000,upcoming
E0045,Evening with Sachini Gunasekara,"['A0098', 'A0081']","['film', 'music']","['hindu_mythology', 'party_baila', 'avant_garde']","['english', 'sinhala']",matale,Bentota Beach Resort,"['contemporary', 'fusion']","['party', 'dramatic', 'energetic']",,[],exhibition,2026-10-30T22:51:08.460067,500,3000,upcoming
E0046,Evening with Amila De Silva,"['A0021', 'A0023']",['dance'],"['wedding_dances', 'drum_centered', 'ves_dance', 'new_year_dances', 'ritual_based', 'village_festival_dances']","['tamil', 'sinhala']",nuwara_eliya,Galle International Cricket Stadium,"['contemporary', 'traditional']","['political_intensity', 'spiritual', 'sacred']",,[],workshop,2026-10-26T22:51:08.460081,100,2000,upcoming
E0047,Night of Chitral Somapala,"['A0040', 'A0070', 'A0041']","['film', 'drama', 'dance']","['colonial_era', 'immersive_theatre', 'pantheru', 'crime_series', 'romance_series', 'ves_dance', 'physical_theatre']","['english', 'sinhala']",ratnapura,Maharagama Youth Centre,"['contemporary', 'traditional', 'fusion']","['devotional', 'heroic', 'romantic_longing']",,[],workshop,2026-08-29T22:51:08.460098,2000,1000,upcoming
E0048,Celebration of Hashini Samaraweera,['A0027'],['music'],['modern_baila'],['english'],panadura,Temple Trees Grounds,['contemporary'],"['energetic', 'celebratory', 'party']",,[],ritual_ceremony,2026-09-28T22:51:08.460110,2000,1000,upcoming
E0049,Night of Buddhika Gunasekara,"['A0057', 'A0050', 'A0000']","['film', 'drama']","['colonial_era', 'family_drama', 'romance_series', 'stage_musicals', 'biographical', 'opera']","['english', 'sinhala']",colombo,Nelum Pokuna Theatre,['contemporary'],"['rebel', 'urban_street', 'dark']",,[],exhibition,2026-10-10T22:51:08.460124,50,2000,upcoming
E0050,Night of Nimesh Ekanayake,"['A0038', 'A0000', 'A0028']","['film', 'drama', 'dance']","['literary_adaptation', 'colonial_era', 'naiyandi', 'political_theatre', 'pantheru', 'biographical', 'kolam_theatre', 'bharatanatyam', 'sokari']","['english', 'sinhala']",jaffna,Anuradhapura Cultural Centre,"['contemporary', 'traditional']","['rebel', 'satirical', 'urban_street']",,[],ritual_ceremony,2026-07-20T22:51:08.460141,1000,2000,upcoming
E0051,Night of Angelo Jayawardena,['A0058'],['film'],"['comedy_commercial', 'romantic_commercial']",['sinhala'],ambalangoda,Sugathadasa Indoor Stadium,['contemporary'],"['emotional', 'romantic']",,[],performance,2026-06-15T22:51:08.460154,200,1000,upcoming
E0052,Celebration of Nimesh Ekanayake,['A0038'],['drama'],"['literary_adaptation', 'political_theatre', 'kolam_theatre', 'sokari']",['sinhala'],jaffna,Gangaramaya Temple Grounds,['traditional'],['romantic'],,[],festival,2026-07-05T22:51:08.460166,2000,0,upcoming
E0053,Celebration of Dilini Silva,"['A0022', 'A0062']","['film', 'music']","['folk_fusion', 'civil_war_narratives']","['english', 'sinhala']",kandy,Bentota Beach Resort,"['contemporary', 'fusion']","['inspirational_biographical', 'rhythmic', 'suspenseful']",,[],ritual_ceremony,2026-06-04T22:51:08.460180,1000,3000,upcoming
E0054,Evening with Shehan Gunawardena,['A0073'],['music'],"['metal', 'alternative_rock', 'film_songs']","['english', 'sinhala']",ambalangoda,Temple Trees Grounds,['contemporary'],"['urban_street', 'ceremonial']",,[],concert,2026-05-25T22:51:08.460192,200,1000,upcoming
E0055,Evening with Kavitha Fernando,['A0015'],['dance'],"['sanni_yakuma', 'kolam_dance']",['tamil'],galle,Elphinstone Theatre,['contemporary'],['sad'],,[],competition,2026-10-12T22:51:08.460204,50,3000,upcoming
E0056,Night of Dinesh Fernando,['A0067'],['music'],"['raban_music', 'background_scores']",['sinhala'],ratnapura,Nelum Pokuna Theatre,['traditional'],"['political_awareness', 'intense', 'rural_village']",,[],exhibition,2026-06-18T22:51:08.460216,200,2000,upcoming
E0057,Live Nadeesha Jayawardena,['A0086'],['drama'],['crime_series'],['sinhala'],puttalam,Cinnamon Grand Ballroom,['contemporary'],['meditative'],,[],workshop,2026-10-10T22:51:08.460228,1000,2000,upcoming
E0058,Thai Pongal - Premasiri Khemadasa,['A0037'],['drama'],['literary_adaptation'],['tamil'],kilinochchi,Cinnamon Grand Ballroom,['contemporary'],"['celebratory', 'melancholic']",thai_pongal,['thai_pongal'],performance,2026-09-09T22:51:08.460239,1000,1000,upcoming
E0059,Night of Madhavi Pathirana,['A0051'],['music'],"['harvest_songs', 'sinhala_classical', 'virindu']",['sinhala'],ratnapura,Punchi Theatre (Borella),['traditional'],"['political_awareness', 'social_critique', 'uplifting']",,[],concert,2026-08-30T22:51:08.460254,2000,500,upcoming
E0060,Night of Nalaka Dissanayake,['A0025'],['film'],"['comedy_commercial', 'romantic_commercial']",['sinhala'],hambantota,Dalada Maligawa (Temple of the Tooth),['contemporary'],"['emotional', 'romantic']",,[],workshop,2026-10-24T22:51:08.460268,1000,500,upcoming
E0061,Evening with Kavitha Weerasinghe,['A0034'],['film'],"['colonial_era', 'romantic_comedy', 'biographical', 'romantic_drama']",['tamil'],jaffna,National Museum Auditorium,['contemporary'],"['rebel', 'energetic', 'urban_street']",,[],exhibition,2026-10-05T22:51:08.460281,50,0,upcoming
E0062,Night of Lakshman Gunasekara,['A0044'],['drama'],['sokari'],['sinhala'],badulla,Galle Fort Gateway,['traditional'],['festive'],,[],exhibition,2026-10-25T22:51:08.460292,50,1000,upcoming
E0063,Celebration of Thisara Bandara,"['A0078', 'A0056', 'A0079']","['film', 'dance']","['breaking', 'tango', 'military_themes', 'kpop_cover', 'romantic_drama']","['english', 'tamil', 'sinhala']",kandy,University of Peradeniya Open Air Theatre,['contemporary'],"['emotional', 'angry', 'romantic']",,[],workshop,2026-05-22T22:51:08.460307,100,500,upcoming
E0064,Celebration of Gayan Rathnayake,['A0093'],['music'],['buddhist_devotional'],['sinhala'],trincomalee,Gangaramaya Temple Grounds,['traditional'],"['spiritual', 'devotional']",,[],concert,2026-07-12T22:51:08.460319,1000,500,upcoming
E0065,Celebration of Anusha Kumara,['A0088'],['music'],"['alternative_rock', 'tamil_rock', 'sinhala_rap']",['sinhala'],ampara,Independence Square,['contemporary'],"['rebel', 'energetic', 'urban_street']",,[],exhibition,2026-09-03T22:51:08.460334,500,0,upcoming
E0066,Evening with Lasith Dissanayake,['A0068'],['drama'],"['romance_series', 'immersive_theatre', 'family_drama']",['sinhala'],gampaha,Anuradhapura Cultural Centre,"['contemporary', 'fusion']",['dramatic_ballad'],,[],performance,2026-09-27T22:51:08.460347,1000,1000,upcoming
E0067,Live Hiruni Wijesinghe,"['A0018', 'A0088']","['drama', 'music']","['immersive_theatre', 'alternative_rock', 'tamil_rock', 'sinhala_rap', 'physical_theatre']","['english', 'sinhala']",negombo,Lionel Wendt Theatre,"['contemporary', 'fusion']","['rebel', 'energetic', 'urban_street']",,[],workshop,2026-10-07T22:51:08.460360,2000,2000,upcoming
E0068,Evening with W.D. Amaradeva,['A0007'],['dance'],['hip_hop_dance'],"['english', 'sinhala']",chilaw,Regal Theatre (Colombo),['contemporary'],"['rebel', 'energetic', 'urban_street']",,[],performance,2026-10-16T22:51:08.460376,200,0,upcoming
E0069,Celebration of Nadeesha Herath,"['A0001', 'A0008']","['drama', 'music']","['traditional_baila', 'immersive_theatre', 'party_baila']","['english', 'sinhala']",nuwara_eliya,Temple Trees Grounds,"['contemporary', 'fusion']","['party', 'energetic', 'religious_reverence']",,[],competition,2026-07-19T22:51:08.460390,2000,3000,upcoming
E0070,Thai Pongal - Upeka,"['A0002', 'A0037']","['film', 'drama']","['literary_adaptation', 'biographical']","['tamil', 'sinhala']",panadura,Paradise Road Gallery,['contemporary'],"['rebel', 'urban_street', 'energetic']",thai_pongal,['thai_pongal'],workshop,2026-09-18T22:51:08.460404,2000,0,upcoming
E0071,Live Lasith Sivarajah,"['A0062', 'A0076', 'A0068']","['film', 'drama']","['literary_adaptation', 'civil_war_narratives', 'immersive_theatre', 'political_theatre', 'family_drama', 'stage_musicals', 'romance_series', 'opera']","['english', 'sinhala']",ratnapura,Gangaramaya Temple Grounds,"['contemporary', 'fusion']","['rhythmic', 'dramatic_ballad', 'inspirational_biographical']",,[],performance,2026-06-30T22:51:08.460419,1000,1500,upcoming
E0072,Celebration of Dinesh Fernando,['A0067'],['music'],"['raban_music', 'background_scores']",['sinhala'],ratnapura,Navarangahala (Borella),['traditional'],"['political_awareness', 'intense', 'rural_village']",,[],exhibition,2026-06-20T22:51:08.460431,50,1000,upcoming
E0073,Vesak - Nimesh Ekanayake,['A0038'],['drama'],"['literary_adaptation', 'political_theatre', 'kolam_theatre', 'sokari']",['sinhala'],jaffna,Tower Hall Theatre,['traditional'],['romantic'],vesak,['vesak'],festival,2026-10-18T22:51:08.460444,200,500,upcoming
E0074,Night of Samanthi Herath,"['A0003', 'A0071']",['film'],"['police_procedural', 'colonial_era', 'supernatural_horror', 'biographical', 'civil_war_themes']","['english', 'sinhala']",ratnapura,Lumbini Theatre (Havelock Town),['contemporary'],"['rebel', 'urban_street', 'party']",,[],performance,2026-06-18T22:51:08.460458,200,1500,upcoming
E0075,Night of Vasanthi Rathnayake,['A0048'],['drama'],"['stage_musicals', 'opera']",['tamil'],trincomalee,Waters Edge,['contemporary'],['war_tension'],,[],competition,2026-10-14T22:51:08.460469,2000,3000,upcoming
E0076,Evening with Shehan Gunawardena,['A0073'],['music'],"['metal', 'alternative_rock', 'film_songs']","['english', 'sinhala']",ambalangoda,University of Peradeniya Open Air Theatre,['contemporary'],"['urban_street', 'ceremonial']",,[],workshop,2026-07-29T22:51:08.460481,1000,1000,upcoming
E0077,Night of Kavinda Liyanage,['A0026'],['music'],"['ballads', 'modern_baila', 'sad_songs', 'party_baila']",['sinhala'],matale,Paradise Road Gallery,['contemporary'],"['energetic', 'celebratory', 'party']",,[],performance,2026-10-06T22:51:08.460493,1000,3000,upcoming
E0078,Night of Dharmadasa Walpola,"['A0039', 'A0088']",['music'],"['alternative_rock', 'tamil_rock', 'sinhala_rap', 'sad_songs']","['tamil', 'sinhala']",trincomalee,Waters Edge,['contemporary'],"['rebel', 'energetic', 'urban_street']",,[],performance,2026-06-17T22:51:08.460506,2000,2000,upcoming
E0079,Night of Ayesha Selvam,['A0071'],['film'],"['police_procedural', 'civil_war_themes']",['english'],galle,Colombo Racecourse,['contemporary'],"['serious', 'party']",,[],competition,2026-06-10T22:51:08.460518,100,1000,upcoming
E0080,Celebration of Dilini Samaraweera,"['A0097', 'A0040']","['drama', 'dance']","['immersive_theatre', 'crime_series', 'romance_series', 'sri_lankan_contemporary', 'physical_theatre']","['english', 'sinhala']",trincomalee,Galadari Hotel Ballroom,"['contemporary', 'fusion']","['heroic', 'tense', 'devotional']",,[],workshop,2026-07-27T22:51:08.460531,500,3000,upcoming
E0081,Celebration of Vindya Jayawardena,['A0024'],['music'],"['classical_fusion', 'ethnic_electronic', 'drill', 'sinhala_rap']","['english', 'sinhala']",galle,Galle Face Green,"['contemporary', 'fusion']","['rebel', 'energetic', 'urban_street']",,[],performance,2026-06-27T22:51:08.460543,50,2000,upcoming
E0082,Celebration of Thisara Bandara,"['A0078', 'A0029']","['drama', 'dance']","['crime_series', 'romance_series', 'tango']",['sinhala'],kandy,Cinnamon Lakeside Ballroom,['contemporary'],"['angry', 'meditative', 'political_intensity']",,[],performance,2026-07-09T22:51:08.460556,2000,0,upcoming
E0083,Celebration of Malsha Gunawardena,['A0099'],['film'],['police_procedural'],"['english', 'sinhala']",kurunegala,Kelaniya Raja Maha Vihara,['contemporary'],"['tense', 'tragic', 'rural_village']",,[],performance,2026-09-16T22:51:08.460568,1000,1500,upcoming
E0084,Night of Ruwan Rathnayake,['A0049'],['music'],"['ballads', 'acoustic_pop']","['english', 'sinhala']",kegalle,Dalada Maligawa (Temple of the Tooth),['contemporary'],"['spiritual', 'reflective', 'suspenseful']",,[],workshop,2026-06-15T22:51:08.460579,100,500,upcoming
E0085,Night of Dilini Samaraweera,['A0097'],['dance'],['sri_lankan_contemporary'],"['english', 'sinhala']",trincomalee,Bishop's College Auditorium,['contemporary'],['tense'],,[],exhibition,2026-08-24T22:51:08.460590,100,3000,upcoming
E0086,Celebration of Tharindu De Silva,"['A0008', 'A0022']",['music'],"['folk_fusion', 'traditional_baila', 'party_baila']","['english', 'sinhala']",jaffna,Sapumal Foundation,"['contemporary', 'fusion']","['energetic', 'celebratory', 'party']",,[],ritual_ceremony,2026-10-15T22:51:08.460603,500,3000,upcoming
E0087,Evening with Kasun Gunawardena,"['A0031', 'A0054']","['film', 'dance']","['devil_dance', 'interpretative', 'police_procedural', 'crime_drama']","['english', 'sinhala']",mannar,Cinnamon Grand Ballroom,['contemporary'],"['satirical', 'dramatic_ballad', 'political_intensity']",,[],ritual_ceremony,2026-05-21T22:51:08.460616,1000,3000,upcoming
E0088,Live Gayan Selvam,"['A0050', 'A0078']","['drama', 'dance']","['romance_series', 'tango', 'family_drama']","['english', 'sinhala']",jaffna,Bentota Beach Resort,['contemporary'],"['angry', 'peaceful', 'political_intensity']",,[],festival,2026-09-25T22:51:08.460628,1000,1000,upcoming
E0089,Evening with Buddhika Gunasekara,['A0057'],['drama'],"['stage_musicals', 'opera']",['sinhala'],colombo,Colombo University Arts Theatre,['contemporary'],"['dark', 'reflective']",,[],ritual_ceremony,2026-05-21T22:51:08.460640,100,2000,upcoming
E0090,Evening with Dilshan Fernando,"['A0005', 'A0071', 'A0049']","['film', 'dance', 'music']","['ballads', 'police_procedural', 'acoustic_pop', 'naiyandi', 'civil_war_themes']","['english', 'sinhala']",kandy,Waters Edge,"['contemporary', 'traditional']","['spiritual', 'heartbreak', 'party']",,[],ritual_ceremony,2026-05-23T22:51:08.460654,100,1000,upcoming
E0091,Esala Perahera - Nimesh Ekanayake,['A0038'],['drama'],"['literary_adaptation', 'political_theatre', 'kolam_theatre', 'sokari']",['sinhala'],jaffna,Regal Theatre (Colombo),['traditional'],['romantic'],esala_perahera,['esala_perahera'],workshop,2026-10-14T22:51:08.460667,50,1000,upcoming
E0092,Live Hiruni Wijesinghe,['A0018'],['drama'],"['physical_theatre', 'immersive_theatre']","['english', 'sinhala']",negombo,Colombo University Arts Theatre,"['contemporary', 'fusion']",['dramatic_ballad'],,[],ritual_ceremony,2026-10-23T22:51:08.460678,500,0,upcoming
E0093,Evening with Ragavan Wickremasinghe,['A0074'],['dance'],"['ritual_based', 'drum_centered', 'cha_cha']",['tamil'],jaffna,Colombo Racecourse,['contemporary'],['romantic_longing'],,[],performance,2026-08-19T22:51:08.460691,500,1000,upcoming
E0094,Celebration of Angelo Jayawardena,['A0058'],['film'],"['comedy_commercial', 'romantic_commercial']",['sinhala'],ambalangoda,Mount Lavinia Hotel Ballroom,['contemporary'],"['emotional', 'romantic']",,[],competition,2026-07-01T22:51:08.460705,500,0,upcoming
E0095,Evening with Yashodha Senanayake,['A0083'],['music'],['classical_vocal'],['sinhala'],chilaw,Kandy Lake Club,['traditional'],['religious_reverence'],,[],competition,2026-06-03T22:51:08.460716,50,3000,upcoming
E0096,Evening with Nuwan Herath,"['A0010', 'A0067']","['dance', 'music']","['raban_music', 'vannam_dance', 'background_scores']",['sinhala'],matale,Temple Trees Grounds,['traditional'],"['intense', 'rural_village', 'tense']",,[],competition,2026-09-18T22:51:08.460732,1000,500,upcoming
E0097,Night of Dilshan Fernando,['A0005'],['dance'],['naiyandi'],['sinhala'],kandy,Kandy Lake Club,['traditional'],"['peaceful', 'heartbreak']",,[],exhibition,2026-10-26T22:51:08.460744,100,500,upcoming
E0098,Evening with Ruwan Kumar,['A0091'],['dance'],"['theatrical_dance', 'harvest_dances', 'village_festival_dances']",['sinhala'],jaffna,BMICH (Bandaranaike Memorial International Conference Hall),['contemporary'],"['danceable', 'joyful', 'psychological']",,[],workshop,2026-07-28T22:51:08.460756,200,3000,upcoming
E0099,Live Thiru Bandara,['A0023'],['dance'],"['wedding_dances', 'village_festival_dances', 'new_year_dances']",['tamil'],trincomalee,Independence Square,['contemporary'],"['spiritual', 'sacred', 'political_intensity']",,[],performance,2026-05-11T22:51:08.460768,1000,1000,upcoming
E0100,Night of Amila Samaraweera,['A0063'],['film'],"['ancient_sri_lanka', 'biographical']",['sinhala'],anuradhapura,Colombo Racecourse,['contemporary'],"['rebel', 'energetic', 'urban_street']",,[],ritual_ceremony,2026-05-12T22:51:08.460779,1000,1500,upcoming
E0101,Live Ruwan Gunasekara,['A0084'],['drama'],"['physical_theatre', 'immersive_theatre']",['english'],ampara,Kelaniya Raja Maha Vihara,"['contemporary', 'fusion']","['tense', 'thriller_tension', 'heartbreak']",,[],workshop,2026-08-23T22:51:08.460790,500,0,upcoming
E0102,Live Dinesh Dissanayake,['A0070'],['film'],['colonial_era'],['sinhala'],matale,Lumbini Theatre (Havelock Town),['contemporary'],"['fierce', 'romantic_longing']",,[],festival,2026-10-18T22:51:08.460802,1000,0,upcoming
E0103,Celebration of W.D. Amaradeva,['A0007'],['dance'],['hip_hop_dance'],"['english', 'sinhala']",chilaw,Paradise Road Gallery,['contemporary'],"['rebel', 'energetic', 'urban_street']",,[],exhibition,2026-05-20T22:51:08.460819,100,0,upcoming
E0104,Celebration of Sachini Kumara,['A0011'],['dance'],"['wedding_dances', 'locking']",['sinhala'],nuwara_eliya,BMICH (Bandaranaike Memorial International Conference Hall),['contemporary'],"['devotional', 'ceremonial', 'war_tension']",,[],concert,2026-08-25T22:51:08.460863,100,500,upcoming
E0105,Celebration of Anusha Kumara,"['A0088', 'A0089']","['film', 'music']","['colonial_era', 'alternative_rock', 'tamil_rock', 'sinhala_rap', 'ancient_sri_lanka']","['tamil', 'sinhala']",ampara,Cinnamon Lakeside Ballroom,['contemporary'],"['rebel', 'satirical', 'urban_street']",,[],festival,2026-10-01T22:51:08.460877,100,500,upcoming
E0106,Live Sachini Kumara,"['A0011', 'A0098', 'A0038']","['film', 'drama', 'dance']","['wedding_dances', 'literary_adaptation', 'political_theatre', 'kolam_theatre', 'avant_garde', 'locking', 'hindu_mythology', 'sokari']",['sinhala'],nuwara_eliya,Royal College Main Hall,"['contemporary', 'traditional', 'fusion']","['devotional', 'dramatic', 'romantic']",,[],exhibition,2026-05-28T22:51:08.460892,500,2000,upcoming
E0107,Evening with Iraj Weeraratne,['A0017'],['dance'],"['devil_dance', 'kolam_dance', 'drum_centered']",['english'],hambantota,Independence Square,['contemporary'],['expressive'],,[],competition,2026-07-20T22:51:08.460904,200,2000,upcoming
E0108,Live Kamala Jayasuriya,['A0089'],['film'],"['ancient_sri_lanka', 'colonial_era']",['tamil'],kilinochchi,Anuradhapura Cultural Centre,['contemporary'],"['satirical', 'emotional']",,[],festival,2026-05-25T22:51:08.460915,50,1000,upcoming
E0109,Celebration of Anusha Kumara,['A0088'],['music'],"['alternative_rock', 'tamil_rock', 'sinhala_rap']",['sinhala'],ampara,Cinnamon Lakeside Ballroom,['contemporary'],"['rebel', 'energetic', 'urban_street']",,[],ritual_ceremony,2026-07-23T22:51:08.460928,500,2000,upcoming
E0110,Evening with Shehan Gunawardena,['A0073'],['music'],"['metal', 'alternative_rock', 'film_songs']","['english', 'sinhala']",ambalangoda,Sri Lanka Foundation Institute,['contemporary'],"['urban_street', 'ceremonial']",,[],exhibition,2026-06-13T22:51:08.460940,1000,2000,upcoming
E0111,Celebration of Thilini De Silva,['A0080'],['music'],['sinhala_rock'],['sinhala'],matale,Dalada Maligawa (Temple of the Tooth),['contemporary'],"['rhythmic', 'mysterious', 'satirical']",,[],workshop,2026-06-26T22:51:08.460951,1000,500,upcoming
E0112,Evening with Chitrasena,"['A0000', 'A0015', 'A0003']","['film', 'dance']","['sanni_yakuma', 'colonial_era', 'supernatural_horror', 'biographical', 'kolam_dance']","['english', 'tamil', 'sinhala']",badulla,Colombo University Arts Theatre,['contemporary'],"['rebel', 'energetic', 'sad']",,[],competition,2026-07-03T22:51:08.460965,1000,1500,upcoming
E0113,Celebration of Lakshman Gunasekara,['A0044'],['drama'],['sokari'],['sinhala'],badulla,Galle International Cricket Stadium,['traditional'],['festive'],,[],ritual_ceremony,2026-05-13T22:51:08.460977,2000,500,upcoming
E0114,Live Tharindu De Silva,['A0008'],['music'],"['traditional_baila', 'party_baila']",['sinhala'],jaffna,Navarangahala (Borella),['contemporary'],"['energetic', 'celebratory', 'party']",,[],exhibition,2026-09-17T22:51:08.460989,1000,1000,upcoming
E0115,Night of Vindya Jayasuriya,['A0042'],['dance'],"['ves_dance', 'uddekki']",['sinhala'],nuwara_eliya,Ladies' College Auditorium,['traditional'],"['rhythmic', 'serious', 'cultural_pride']",,[],workshop,2026-10-03T22:51:08.461000,1000,0,upcoming
E0116,Night of Shanika Madumali,['A0043'],['dance'],"['tango', 'cha_cha', 'bharatanatyam']",['sinhala'],ampara,Kelaniya Raja Maha Vihara,['traditional'],"['thriller_tension', 'uplifting']",,[],workshop,2026-10-23T22:51:08.461012,100,1500,upcoming
E0117,Celebration of Lasith Dissanayake,"['A0068', 'A0042']","['drama', 'dance']","['immersive_theatre', 'family_drama', 'romance_series', 'uddekki', 'ves_dance']",['sinhala'],gampaha,Colombo University Arts Theatre,"['contemporary', 'traditional', 'fusion']","['rhythmic', 'serious', 'cultural_pride']",,[],ritual_ceremony,2026-08-24T22:51:08.461026,2000,0,upcoming
E0118,Celebration of Nadeesha Jayawardena,['A0086'],['drama'],['crime_series'],['sinhala'],puttalam,Royal College Main Hall,['contemporary'],['meditative'],,[],festival,2026-09-25T22:51:08.461037,50,0,upcoming
E0119,Night of Sachini Sivarajah,"['A0045', 'A0008']",['music'],"['traditional_baila', 'sinhala_rap', 'film_songs', 'party_baila', 'drill']","['english', 'sinhala']",anuradhapura,University of Peradeniya Open Air Theatre,['contemporary'],"['rebel', 'urban_street', 'party']",,[],exhibition,2026-05-18T22:51:08.461053,200,1500,upcoming
E0120,Celebration of Ruwan Rathnayake,['A0049'],['music'],"['ballads', 'acoustic_pop']","['english', 'sinhala']",kegalle,Jaffna Public Library Hall,['contemporary'],"['spiritual', 'reflective', 'suspenseful']",,[],festival,2026-06-09T22:51:08.461065,200,1000,upcoming
E0121,Night of Kavitha Weerasinghe,"['A0034', 'A0052']",['film'],"['colonial_era', 'romantic_drama', 'biographical', 'avant_garde', 'romantic_comedy', 'low_budget_indie']","['tamil', 'sinhala']",jaffna,Gangaramaya Temple Grounds,"['contemporary', 'fusion']","['rebel', 'urban_street', 'energetic']",,[],workshop,2026-08-14T22:51:08.461079,500,1000,upcoming
E0122,Evening with Dilini Silva,['A0022'],['music'],['folk_fusion'],['english'],kandy,Independence Square,"['contemporary', 'fusion']",['ritualistic'],,[],exhibition,2026-05-20T22:51:08.461090,100,0,upcoming
E0123,Celebration of Nimesh Jayawardena,['A0061'],['dance'],['ceremonial_dances'],['english'],polonnaruwa,Diyatha Uyana,['contemporary'],['energetic'],,[],performance,2026-06-28T22:51:08.461101,200,1500,upcoming
E0124,Night of Hiruni Wijesinghe,"['A0018', 'A0098']","['film', 'drama']","['physical_theatre', 'hindu_mythology', 'immersive_theatre', 'avant_garde']","['english', 'sinhala']",negombo,Galle Face Green,"['contemporary', 'fusion']","['dramatic', 'suspense', 'dramatic_ballad']",,[],ritual_ceremony,2026-09-20T22:51:08.461114,2000,500,upcoming
E0125,Live Angelo Jayawardena,"['A0058', 'A0049']","['film', 'music']","['comedy_commercial', 'ballads', 'romantic_commercial', 'acoustic_pop']","['english', 'sinhala']",ambalangoda,Waters Edge,['contemporary'],"['spiritual', 'reflective', 'emotional']",,[],concert,2026-05-12T22:51:08.461129,200,0,upcoming
E0126,Celebration of Dilshan Fernando,['A0005'],['dance'],['naiyandi'],['sinhala'],kandy,Galle Face Green,['traditional'],"['peaceful', 'heartbreak']",,[],festival,2026-07-29T22:51:08.461141,50,1000,upcoming
E0127,Poson - Kavinda Liyanage,"['A0026', 'A0041']","['dance', 'music']","['ballads', 'pantheru', 'sad_songs', 'party_baila', 'modern_baila', 'ves_dance']",['sinhala'],matale,Galle Fort Gateway,"['contemporary', 'traditional']","['emotional', 'energetic', 'celebratory']",poson,['poson'],performance,2026-08-31T22:51:08.461155,2000,0,upcoming
E0128,Live Sashika Nisansala,['A0020'],['film'],"['romantic_comedy', 'romantic_drama']",['english'],ambalangoda,Lumbini Theatre (Havelock Town),['contemporary'],"['emotional', 'romantic']",,[],concert,2026-05-14T22:51:08.461166,1000,2000,upcoming
E0129,Esala Perahera - Lakshman Gunasekara,['A0044'],['drama'],['sokari'],['sinhala'],badulla,Galle International Cricket Stadium,['traditional'],['festive'],esala_perahera,['esala_perahera'],exhibition,2026-10-04T22:51:08.461179,100,0,upcoming
E0130,Live Thisara Bandara,['A0078'],['dance'],['tango'],['sinhala'],kandy,Ladies' College Auditorium,['contemporary'],"['angry', 'political_intensity']",,[],festival,2026-09-01T22:51:08.461190,50,0,upcoming
E0131,Evening with Nadeesha Jayawardena,['A0086'],['drama'],['crime_series'],['sinhala'],puttalam,BMICH (Bandaranaike Memorial International Conference Hall),['contemporary'],['meditative'],,[],concert,2026-08-17T22:51:08.461201,50,0,upcoming
E0132,Evening with Dilshan Nadarajah,['A0090'],['film'],"['police_procedural', 'detective']",['english'],anuradhapura,Cinnamon Lakeside Ballroom,['contemporary'],"['thriller_tension', 'patriotic']",,[],festival,2026-10-19T22:51:08.461212,2000,1000,upcoming
E0133,Night of Dharmadasa Walpola,"['A0039', 'A0042']","['dance', 'music']","['uddekki', 'ves_dance', 'sad_songs']","['tamil', 'sinhala']",trincomalee,Galle Fort Gateway,"['contemporary', 'traditional']","['rhythmic', 'serious', 'cultural_pride']",,[],competition,2026-09-24T22:51:08.461225,50,1500,upcoming
E0134,Evening with Kamala Jayasuriya,['A0089'],['film'],"['ancient_sri_lanka', 'colonial_era']",['tamil'],kilinochchi,Colombo University Arts Theatre,['contemporary'],"['satirical', 'emotional']",,[],concert,2026-09-04T22:51:08.461236,200,3000,upcoming
E0135,Night of Neela Wickremasinghe,['A0028'],['dance'],"['naiyandi', 'pantheru', 'bharatanatyam']",['sinhala'],matale,University of Peradeniya Open Air Theatre,['traditional'],"['satirical', 'dramatic_ballad']",,[],ritual_ceremony,2026-07-16T22:51:08.461248,200,1500,upcoming
E0136,Celebration of Roshan Fernando,"['A0085', 'A0042']","['drama', 'dance']","['social_drama', 'nadagam', 'uddekki', 'ves_dance', 'sokari']",['sinhala'],batticaloa,Royal College Main Hall,['traditional'],"['rhythmic', 'psychological', 'cultural_pride']",,[],workshop,2026-05-27T22:51:08.461261,500,0,upcoming
E0137,Live Amila De Silva,['A0021'],['dance'],"['ritual_based', 'drum_centered', 'ves_dance']",['sinhala'],nuwara_eliya,Regal Theatre (Colombo),['traditional'],['meditative'],,[],ritual_ceremony,2026-10-05T22:51:08.461273,100,2000,upcoming
E0138,Celebration of Ruwan Kumar,['A0091'],['dance'],"['theatrical_dance', 'harvest_dances', 'village_festival_dances']",['sinhala'],jaffna,Galle Face Green,['contemporary'],"['danceable', 'joyful', 'psychological']",,[],exhibition,2026-09-30T22:51:08.461285,2000,0,upcoming
E0139,Esala Perahera - Madhavi Pathirana,['A0051'],['music'],"['harvest_songs', 'sinhala_classical', 'virindu']",['sinhala'],ratnapura,Mount Lavinia Hotel Ballroom,['traditional'],"['political_awareness', 'social_critique', 'uplifting']",esala_perahera,['esala_perahera'],workshop,2026-09-28T22:51:08.461296,100,500,upcoming
E0140,Celebration of Shanika Madumali,['A0043'],['dance'],"['tango', 'cha_cha', 'bharatanatyam']",['sinhala'],ampara,Anuradhapura Cultural Centre,['traditional'],"['thriller_tension', 'uplifting']",,[],ritual_ceremony,2026-08-29T22:51:08.461308,500,2000,upcoming
E0141,Evening with Angeline Gunathilaka,['A0030'],['dance'],"['ceremonial_dances', 'wedding_dances']",['english'],panadura,Jaffna Public Library Hall,['contemporary'],"['tense', 'spiritual', 'ceremonial']",,[],competition,2026-10-29T22:51:08.461319,50,3000,upcoming
E0142,Night of Saman Rajapaksa,['A0076'],['drama'],"['political_theatre', 'stage_musicals', 'literary_adaptation', 'opera']",['english'],kandy,Colombo University Arts Theatre,['contemporary'],['joyful'],,[],exhibition,2026-09-30T22:51:08.461331,50,1500,upcoming
E0143,Poson - Madhavi Pathirana,['A0051'],['music'],"['harvest_songs', 'sinhala_classical', 'virindu']",['sinhala'],ratnapura,Colombo Hilton Grand Ballroom,['traditional'],"['political_awareness', 'social_critique', 'uplifting']",poson,['poson'],festival,2026-08-02T22:51:08.461343,500,1000,upcoming
E0144,Night of Sachini Kumara,"['A0011', 'A0027']","['dance', 'music']","['wedding_dances', 'locking', 'modern_baila']","['english', 'sinhala']",nuwara_eliya,Viharamahadevi Park Open Air Theatre,['contemporary'],"['devotional', 'party', 'energetic']",,[],festival,2026-10-20T22:51:08.461358,50,0,upcoming
E0145,Celebration of Premasiri Khemadasa,['A0037'],['drama'],['literary_adaptation'],['tamil'],kilinochchi,Temple Trees Grounds,['contemporary'],"['celebratory', 'melancholic']",,[],festival,2026-06-30T22:51:08.461370,100,1000,upcoming
E0146,Live Nadeesha Jayawardena,['A0086'],['drama'],['crime_series'],['sinhala'],puttalam,Navarangahala (Borella),['contemporary'],['meditative'],,[],workshop,2026-08-07T22:51:08.461381,50,2000,upcoming
E0147,Poson - Dilshan Liyanage,"['A0065', 'A0051']","['dance', 'music']","['harvest_songs', 'sinhala_classical', 'tango', 'uddekki', 'virindu']",['sinhala'],kandy,Viharamahadevi Park Open Air Theatre,['traditional'],"['tragic', 'political_awareness', 'social_critique']",poson,['poson'],ritual_ceremony,2026-09-28T22:51:08.461394,50,0,upcoming
E0148,Evening with Sachini Sivarajah,"['A0045', 'A0014']",['music'],"['film_songs', 'sinhala_rap', 'drill']","['english', 'sinhala']",anuradhapura,Regal Theatre (Colombo),['contemporary'],"['rebel', 'energetic', 'urban_street']",,[],ritual_ceremony,2026-05-18T22:51:08.461407,100,1500,upcoming
E0149,Night of Ruwan Kumar,"['A0091', 'A0048']","['drama', 'dance']","['stage_musicals', 'theatrical_dance', 'harvest_dances', 'village_festival_dances', 'opera']","['tamil', 'sinhala']",jaffna,Cinnamon Grand Ballroom,['contemporary'],"['danceable', 'joyful', 'psychological']",,[],workshop,2026-08-30T22:51:08.461420,1000,500,upcoming
